<?xml version="1.0" encoding="UTF-8"?>
<project-private xmlns="http://www.netbeans.org/ns/project-private/1">
    <editor-bookmarks xmlns="http://www.netbeans.org/ns/editor-bookmarks/2" lastBookmarkId="0"/>
    <open-files xmlns="http://www.netbeans.org/ns/projectui-open-files/2">
        <group>
            <file>file:/C:/Users/DavidLeon/Documents/NetBeansProjects/tragaperras/src/Menu.java</file>
            <file>file:/C:/Users/DavidLeon/Documents/NetBeansProjects/tragaperras/src/Tragaperras.java</file>
            <file>file:/C:/Users/DavidLeon/Documents/NetBeansProjects/tragaperras/src/Carrera2.java</file>
            <file>file:/C:/Users/DavidLeon/Documents/NetBeansProjects/tragaperras/src/Carrera.java</file>
        </group>
    </open-files>
</project-private>
